{
	"contents": [
		{
			"name": "objects",
			"contents": [
				{
					"id": "tmp1406818026618",
					"name": "Loading",
					"x": 0,
					"y": 0,
					"angle": 0,
					"contents": [
						{
							"assetId": 2,
							"__image": "2.png",
							"x": 256,
							"y": 192,
							"type": 0,
							"anchorX": 0,
							"anchorY": 0,
							"scaleX": 1,
							"scaleY": 1,
							"angle": 0,
							"alpha": 1,
							"tmpName": "preload",
							"frame": 0,
							"isVisible": 1,
							"isLocked": 0,
							"_framesCount": 0,
							"width": 190,
							"height": 9,
							"id": "tmp1406818026617",
							"name": "preload",
							"fullPath": "/Loading/preload"
						},
						{
							"assetId": 1,
							"__image": "1.png",
							"x": 256,
							"y": 192,
							"type": 0,
							"anchorX": 0,
							"anchorY": 0,
							"scaleX": 1,
							"scaleY": 1,
							"angle": 0,
							"alpha": 1,
							"tmpName": "loading",
							"frame": 0,
							"isVisible": 1,
							"isLocked": 0,
							"_framesCount": 0,
							"width": 190,
							"height": 9,
							"id": "tmp1406818026616",
							"name": "loading",
							"fullPath": "/Loading/loading"
						}
					],
					"isVisible": false,
					"isLocked": true,
					"isFixedToCamera": 0,
					"fullPath": "/Loading",
					"isClosed": true
				}
			],
			"count": 0
		},
		{
			"name": "assets",
			"contents": [
				{
					"name": "Loading",
					"contents": [
						{
							"__image": "2.png",
							"id": 2,
							"name": "loading.png",
							"path": "/preload.png",
							"fullPath": "/Loading/loading.png",
							"key": "/preload.png",
							"width": 190,
							"height": 9,
							"frameWidth": 190,
							"frameHeight": 9,
							"frameMax": -1,
							"margin": 0,
							"spacing": 0,
							"anchorX": 0,
							"anchorY": 0,
							"fps": 10,
							"updated": 1406817917030,
							"atlas": ""
						},
						{
							"__image": "1.png",
							"id": 1,
							"name": "preload.png",
							"path": "/loading.png",
							"fullPath": "/Loading/preload.png",
							"key": "/loading.png",
							"width": 190,
							"height": 9,
							"frameWidth": 190,
							"frameHeight": 9,
							"frameMax": -1,
							"margin": 0,
							"spacing": 0,
							"anchorX": 0,
							"anchorY": 0,
							"fps": 10,
							"updated": 1406817915033,
							"atlas": ""
						}
					],
					"count": 0,
					"id": 4,
					"fullPath": "/Loading",
					"isClosed": true
				},
				{
					"__image": "launcher.png",
					"id": "launcher",
					"name": "launcher.png",
					"path": "/launcher.png",
					"fullPath": "/launcher.png",
					"key": "/launcher.png",
					"width": 128,
					"height": 128,
					"frameWidth": 128,
					"frameHeight": 128,
					"frameMax": -1,
					"margin": 0,
					"spacing": 0,
					"anchorX": 0,
					"anchorY": 0,
					"fps": 10,
					"updated": 1406817915034,
					"atlas": ""
				}
			],
			"count": 4
		},
		{
			"name": "map",
			"contents": [
				{
					"cameraX": 0,
					"cameraY": 0,
					"worldWidth": 800,
					"worldHeight": 480,
					"viewportWidth": 800,
					"viewportHeight": 480,
					"gridX": 32,
					"gridY": 32,
					"gridOffsetX": 0,
					"gridOffsetY": 0,
					"scaleMode": "SHOW_ALL",
					"showGrid": 1,
					"gridOpacity": 0.3,
					"movieInfo": {
						"fps": 60,
						"lastFrame": 60
					},
					"backgroundColor": "#222222"
				}
			],
			"count": 0
		}
	],
	"count": 3
}