{
	"contents": [
		{
			"name": "objects",
			"contents": [
				{
					"id": "tmp1406818026618",
					"name": "Loading",
					"x": 0,
					"y": 0,
					"angle": 0,
					"contents": [
						{
							"assetId": 2,
							"__image": "2.png",
							"x": 256,
							"y": 192,
							"type": 0,
							"anchorX": 0,
							"anchorY": 0,
							"scaleX": 1,
							"scaleY": 1,
							"angle": 0,
							"alpha": 1,
							"tmpName": "loading",
							"frame": 0,
							"isVisible": 1,
							"isLocked": 0,
							"_framesCount": 0,
							"width": 190,
							"height": 9,
							"id": "tmp1406818026617",
							"name": "loading",
							"fullPath": "/Loading/loading"
						},
						{
							"assetId": 1,
							"__image": "1.png",
							"x": 256,
							"y": 192,
							"type": 0,
							"anchorX": 0,
							"anchorY": 0,
							"scaleX": 1,
							"scaleY": 1,
							"angle": 0,
							"alpha": 1,
							"tmpName": "preload",
							"frame": 0,
							"isVisible": 1,
							"isLocked": 0,
							"_framesCount": 0,
							"width": 190,
							"height": 9,
							"id": "tmp1406818026616",
							"name": "preload",
							"fullPath": "/Loading/preload"
						}
					],
					"isVisible": false,
					"isLocked": true,
					"isFixedToCamera": 0,
					"fullPath": "/Loading",
					"isClosed": true
				}
			],
			"count": 0
		},
		{
			"name": "assets",
			"contents": [
				{
					"name": "Loading",
					"contents": [
						{
							"__image": "1.png",
							"id": 1,
							"name": "preload.png",
							"path": "/loading.png",
							"fullPath": "/Loading/preload.png",
							"key": "/loading.png",
							"width": 190,
							"height": 9,
							"frameWidth": 190,
							"frameHeight": 9,
							"frameMax": -1,
							"margin": 0,
							"spacing": 0,
							"anchorX": 0,
							"anchorY": 0,
							"fps": 10,
							"updated": 1406817915033,
							"atlas": ""
						},
						{
							"__image": "2.png",
							"id": 2,
							"name": "loading.png",
							"path": "/preload.png",
							"fullPath": "/Loading/loading.png",
							"key": "/preload.png",
							"width": 190,
							"height": 9,
							"frameWidth": 190,
							"frameHeight": 9,
							"frameMax": -1,
							"margin": 0,
							"spacing": 0,
							"anchorX": 0,
							"anchorY": 0,
							"fps": 10,
							"updated": 1406817917030,
							"atlas": ""
						}
					],
					"count": 0,
					"id": 4,
					"fullPath": "/Loading",
					"isClosed": true
				}
			],
			"count": 4
		}
	],
	"count": 3
}